500;50;;
Nr.;;;Protos Barcode
1;Zahlenschloss;ALU;1-50
2;Zahlenschloss;ALU;2-50
3;Zahlenschloss;ALU;3-50
4;Zahlenschloss;ALU;4-50
5;Zahlenschloss;ALU;5-50
6;Zahlenschloss;ALU;6-50
7;Zahlenschloss;ALU;7-50
8;Zahlenschloss;ALU;8-50
9;Zahlenschloss;ALU;9-50
10;Zahlenschloss;ALU;10-50
11;Zahlenschloss;ALU;11-50
12;Zahlenschloss;ALU;12-50
13;Zahlenschloss;ALU;13-50
14;Zahlenschloss;ALU;14-50
15;Zahlenschloss;ALU;15-50
16;Zahlenschloss;ALU;16-50
17;Zahlenschloss;ALU;17-50
18;Zahlenschloss;ALU;18-50
19;Zahlenschloss;ALU;19-50
20;Zahlenschloss;ALU;20-50
21;Zahlenschloss;ALU;21-50
22;Zahlenschloss;ALU;22-50
23;Zahlenschloss;ALU;23-50
24;Zahlenschloss;ALU;24-50
25;Zahlenschloss;ALU;25-50
26;Zahlenschloss;ALU;26-50
27;Zahlenschloss;ALU;27-50
28;Zahlenschloss;ALU;28-50
29;Zahlenschloss;ALU;29-50
30;Zahlenschloss;ALU;30-50
31;Zahlenschloss;ALU;31-50
32;Zahlenschloss;ALU;32-50
33;Zahlenschloss;ALU;33-50
34;Zahlenschloss;ALU;34-50
35;Zahlenschloss;ALU;35-50
36;Zahlenschloss;ALU;36-50
37;Zahlenschloss;ALU;37-50
38;Zahlenschloss;ALU;38-50
39;Zahlenschloss;ALU;39-50
40;Zahlenschloss;ALU;40-50
41;Zahlenschloss;ALU;41-50
42;Zahlenschloss;ALU;42-50
43;Zahlenschloss;ALU;43-50
44;Zahlenschloss;ALU;44-50
45;Zahlenschloss;ALU;45-50
46;Zahlenschloss;ALU;46-50
47;Zahlenschloss;ALU;47-50
48;Zahlenschloss;ALU;48-50
49;Zahlenschloss;ALU;49-50
50;Zahlenschloss;ALU;50-50
51;Zahlenschloss;ALU;51-50
52;Zahlenschloss;ALU;52-50
53;Zahlenschloss;ALU;53-50
54;Zahlenschloss;ALU;54-50
55;Zahlenschloss;ALU;55-50
56;Zahlenschloss;ALU;56-50
57;Zahlenschloss;ALU;57-50
58;Zahlenschloss;ALU;58-50
59;Zahlenschloss;ALU;59-50
60;Zahlenschloss;ALU;60-50
61;Zahlenschloss;ALU;61-50
62;Zahlenschloss;ALU;62-50
63;Zahlenschloss;ALU;63-50
64;Zahlenschloss;ALU;64-50
65;Zahlenschloss;ALU;65-50
66;Zahlenschloss;ALU;66-50
67;Zahlenschloss;ALU;67-50
68;Zahlenschloss;ALU;68-50
69;Zahlenschloss;ALU;69-50
70;Zahlenschloss;ALU;70-50
71;Zahlenschloss;ALU;71-50
72;Zahlenschloss;ALU;72-50
73;Zahlenschloss;ALU;73-50
74;Zahlenschloss;ALU;74-50
75;Zahlenschloss;ALU;75-50
76;Zahlenschloss;ALU;76-50
77;Zahlenschloss;ALU;77-50
78;Zahlenschloss;ALU;78-50
79;Zahlenschloss;ALU;79-50
80;Zahlenschloss;ALU;80-50
81;Zahlenschloss;ALU;81-50
82;Zahlenschloss;ALU;82-50
83;Zahlenschloss;ALU;83-50
84;Zahlenschloss;ALU;84-50
85;Zahlenschloss;ALU;85-50
86;Zahlenschloss;ALU;86-50
87;Zahlenschloss;ALU;87-50
88;Zahlenschloss;ALU;88-50
89;Zahlenschloss;ALU;89-50
90;Zahlenschloss;ALU;90-50
91;Zahlenschloss;ALU;91-50
92;Zahlenschloss;ALU;92-50
93;Zahlenschloss;ALU;93-50
94;Zahlenschloss;ALU;94-50
95;Zahlenschloss;ALU;95-50
96;Zahlenschloss;ALU;96-50
97;Zahlenschloss;ALU;97-50
98;Zahlenschloss;ALU;98-50
99;Zahlenschloss;ALU;99-50
100;Zahlenschloss;ALU;100-50
101;Zahlenschloss;ALU;101-50
102;Zahlenschloss;ALU;102-50
103;Zahlenschloss;ALU;103-50
104;Zahlenschloss;ALU;104-50
105;Zahlenschloss;ALU;105-50
106;Zahlenschloss;ALU;106-50
107;Zahlenschloss;ALU;107-50
108;Zahlenschloss;ALU;108-50
109;Zahlenschloss;ALU;109-50
110;Zahlenschloss;ALU;110-50
111;Zahlenschloss;ALU;111-50
112;Zahlenschloss;ALU;112-50
113;Zahlenschloss;ALU;113-50
114;Zahlenschloss;ALU;114-50
115;Zahlenschloss;ALU;115-50
116;Zahlenschloss;ALU;116-50
117;Zahlenschloss;ALU;117-50
118;Zahlenschloss;ALU;118-50
119;Zahlenschloss;ALU;119-50
120;Zahlenschloss;ALU;120-50
121;Zahlenschloss;ALU;121-50
122;Zahlenschloss;ALU;122-50
123;Zahlenschloss;ALU;123-50
124;Zahlenschloss;ALU;124-50
125;Zahlenschloss;ALU;125-50
126;Zahlenschloss;ALU;126-50
127;Zahlenschloss;ALU;127-50
128;Zahlenschloss;ALU;128-50
129;Zahlenschloss;ALU;129-50
130;Zahlenschloss;ALU;130-50
131;Zahlenschloss;ALU;131-50
132;Zahlenschloss;ALU;132-50
133;Zahlenschloss;ALU;133-50
134;Zahlenschloss;ALU;134-50
135;Zahlenschloss;ALU;135-50
136;Zahlenschloss;ALU;136-50
137;Zahlenschloss;ALU;137-50
138;Zahlenschloss;ALU;138-50
139;Zahlenschloss;ALU;139-50
140;Zahlenschloss;ALU;140-50
141;Zahlenschloss;ALU;141-50
142;Zahlenschloss;ALU;142-50
143;Zahlenschloss;ALU;143-50
144;Zahlenschloss;ALU;144-50
145;Zahlenschloss;ALU;145-50
146;Zahlenschloss;ALU;146-50
147;Zahlenschloss;ALU;147-50
148;Zahlenschloss;ALU;148-50
149;Zahlenschloss;ALU;149-50
150;Zahlenschloss;ALU;150-50
151;Zahlenschloss;ALU;151-50
152;Zahlenschloss;ALU;152-50
153;Zahlenschloss;ALU;153-50
154;Zahlenschloss;ALU;154-50
155;Zahlenschloss;ALU;155-50
156;Zahlenschloss;ALU;156-50
157;Zahlenschloss;ALU;157-50
158;Zahlenschloss;ALU;158-50
159;Zahlenschloss;ALU;159-50
160;Zahlenschloss;ALU;160-50
161;Zahlenschloss;ALU;161-50
162;Zahlenschloss;ALU;162-50
163;Zahlenschloss;ALU;163-50
164;Zahlenschloss;ALU;164-50
165;Zahlenschloss;ALU;165-50
166;Zahlenschloss;ALU;166-50
167;Zahlenschloss;ALU;167-50
168;Zahlenschloss;ALU;168-50
169;Zahlenschloss;ALU;169-50
170;Zahlenschloss;ALU;170-50
171;Zahlenschloss;ALU;171-50
172;Zahlenschloss;ALU;172-50
173;Zahlenschloss;ALU;173-50
174;Zahlenschloss;ALU;174-50
175;Zahlenschloss;ALU;175-50
176;Zahlenschloss;ALU;176-50
177;Zahlenschloss;ALU;177-50
178;Zahlenschloss;ALU;178-50
179;Zahlenschloss;ALU;179-50
180;Zahlenschloss;ALU;180-50
181;Zahlenschloss;ALU;181-50
182;Zahlenschloss;ALU;182-50
183;Zahlenschloss;ALU;183-50
184;Zahlenschloss;ALU;184-50
185;Zahlenschloss;ALU;185-50
186;Zahlenschloss;ALU;186-50
187;Zahlenschloss;ALU;187-50
188;Zahlenschloss;ALU;188-50
189;Zahlenschloss;ALU;189-50
190;Zahlenschloss;ALU;190-50
191;Zahlenschloss;ALU;191-50
192;Zahlenschloss;ALU;192-50
193;Zahlenschloss;ALU;193-50
194;Zahlenschloss;ALU;194-50
195;Zahlenschloss;ALU;195-50
196;Zahlenschloss;ALU;196-50
197;Zahlenschloss;ALU;197-50
198;Zahlenschloss;ALU;198-50
199;Zahlenschloss;ALU;199-50
200;Zahlenschloss;ALU;200-50
201;Zahlenschloss;ALU;201-50
202;Zahlenschloss;ALU;202-50
203;Zahlenschloss;ALU;203-50
204;Zahlenschloss;ALU;204-50
205;Zahlenschloss;ALU;205-50
206;Zahlenschloss;ALU;206-50
207;Zahlenschloss;ALU;207-50
208;Zahlenschloss;ALU;208-50
209;Zahlenschloss;ALU;209-50
210;Zahlenschloss;ALU;210-50
211;Zahlenschloss;ALU;211-50
212;Zahlenschloss;ALU;212-50
213;Zahlenschloss;ALU;213-50
214;Zahlenschloss;ALU;214-50
215;Zahlenschloss;ALU;215-50
216;Zahlenschloss;ALU;216-50
217;Zahlenschloss;ALU;217-50
218;Zahlenschloss;ALU;218-50
219;Zahlenschloss;ALU;219-50
220;Zahlenschloss;ALU;220-50
221;Zahlenschloss;ALU;221-50
222;Zahlenschloss;ALU;222-50
223;Zahlenschloss;ALU;223-50
224;Zahlenschloss;ALU;224-50
225;Zahlenschloss;ALU;225-50
226;Zahlenschloss;ALU;226-50
227;Zahlenschloss;ALU;227-50
228;Zahlenschloss;ALU;228-50
229;Zahlenschloss;ALU;229-50
230;Zahlenschloss;ALU;230-50
231;Zahlenschloss;ALU;231-50
232;Zahlenschloss;ALU;232-50
233;Zahlenschloss;ALU;233-50
234;Zahlenschloss;ALU;234-50
235;Zahlenschloss;ALU;235-50
236;Zahlenschloss;ALU;236-50
237;Zahlenschloss;ALU;237-50
238;Zahlenschloss;ALU;238-50
239;Zahlenschloss;ALU;239-50
240;Zahlenschloss;ALU;240-50
241;Zahlenschloss;ALU;241-50
242;Zahlenschloss;ALU;242-50
243;Zahlenschloss;ALU;243-50
244;Zahlenschloss;ALU;244-50
245;Zahlenschloss;ALU;245-50
246;Zahlenschloss;ALU;246-50
247;Zahlenschloss;ALU;247-50
248;Zahlenschloss;ALU;248-50
249;Zahlenschloss;ALU;249-50
250;Zahlenschloss;ALU;250-50
251;Zahlenschloss;ALU;251-50
252;Zahlenschloss;ALU;252-50
253;Zahlenschloss;ALU;253-50
254;Zahlenschloss;ALU;254-50
255;Zahlenschloss;ALU;255-50
256;Zahlenschloss;ALU;256-50
257;Zahlenschloss;ALU;257-50
258;Zahlenschloss;ALU;258-50
259;Zahlenschloss;ALU;259-50
260;Zahlenschloss;ALU;260-50
261;Zahlenschloss;ALU;261-50
262;Zahlenschloss;ALU;262-50
263;Zahlenschloss;ALU;263-50
264;Zahlenschloss;ALU;264-50
265;Zahlenschloss;ALU;265-50
266;Zahlenschloss;ALU;266-50
267;Zahlenschloss;ALU;267-50
268;Zahlenschloss;ALU;268-50
269;Zahlenschloss;ALU;269-50
270;Zahlenschloss;ALU;270-50
271;Zahlenschloss;ALU;271-50
272;Zahlenschloss;ALU;272-50
273;Zahlenschloss;ALU;273-50
274;Zahlenschloss;ALU;274-50
275;Zahlenschloss;ALU;275-50
276;Zahlenschloss;ALU;276-50
277;Zahlenschloss;ALU;277-50
278;Zahlenschloss;ALU;278-50
279;Zahlenschloss;ALU;279-50
280;Zahlenschloss;ALU;280-50
281;Zahlenschloss;ALU;281-50
282;Zahlenschloss;ALU;282-50
283;Zahlenschloss;ALU;283-50
284;Zahlenschloss;ALU;284-50
285;Zahlenschloss;ALU;285-50
286;Zahlenschloss;ALU;286-50
287;Zahlenschloss;ALU;287-50
288;Zahlenschloss;ALU;288-50
289;Zahlenschloss;ALU;289-50
290;Zahlenschloss;ALU;290-50
291;Zahlenschloss;ALU;291-50
292;Zahlenschloss;ALU;292-50
293;Zahlenschloss;ALU;293-50
294;Zahlenschloss;ALU;294-50
295;Zahlenschloss;ALU;295-50
296;Zahlenschloss;ALU;296-50
297;Zahlenschloss;ALU;297-50
298;Zahlenschloss;ALU;298-50
299;Zahlenschloss;ALU;299-50
300;Zahlenschloss;ALU;300-50
301;Zahlenschloss;ALU;301-50
302;Zahlenschloss;ALU;302-50
303;Zahlenschloss;ALU;303-50
304;Zahlenschloss;ALU;304-50
305;Zahlenschloss;ALU;305-50
306;Zahlenschloss;ALU;306-50
307;Zahlenschloss;ALU;307-50
308;Zahlenschloss;ALU;308-50
309;Zahlenschloss;ALU;309-50
310;Zahlenschloss;ALU;310-50
311;Zahlenschloss;ALU;311-50
312;Zahlenschloss;ALU;312-50
313;Zahlenschloss;ALU;313-50
314;Zahlenschloss;ALU;314-50
315;Zahlenschloss;ALU;315-50
316;Zahlenschloss;ALU;316-50
317;Zahlenschloss;ALU;317-50
318;Zahlenschloss;ALU;318-50
319;Zahlenschloss;ALU;319-50
320;Zahlenschloss;ALU;320-50
321;Zahlenschloss;ALU;321-50
322;Zahlenschloss;ALU;322-50
323;Zahlenschloss;ALU;323-50
324;Zahlenschloss;ALU;324-50
325;Zahlenschloss;ALU;325-50
326;Zahlenschloss;ALU;326-50
327;Zahlenschloss;ALU;327-50
328;Zahlenschloss;ALU;328-50
329;Zahlenschloss;ALU;329-50
330;Zahlenschloss;ALU;330-50
331;Zahlenschloss;ALU;331-50
332;Zahlenschloss;ALU;332-50
333;Zahlenschloss;ALU;333-50
334;Zahlenschloss;ALU;334-50
335;Zahlenschloss;ALU;335-50
336;Zahlenschloss;ALU;336-50
337;Zahlenschloss;ALU;337-50
338;Zahlenschloss;ALU;338-50
339;Zahlenschloss;ALU;339-50
340;Zahlenschloss;ALU;340-50
341;Zahlenschloss;ALU;341-50
342;Zahlenschloss;ALU;342-50
343;Zahlenschloss;ALU;343-50
344;Zahlenschloss;ALU;344-50
345;Zahlenschloss;ALU;345-50
346;Zahlenschloss;ALU;346-50
347;Zahlenschloss;ALU;347-50
348;Zahlenschloss;ALU;348-50
349;Zahlenschloss;ALU;349-50
350;Zahlenschloss;ALU;350-50
351;Zahlenschloss;ALU;351-50
352;Zahlenschloss;ALU;352-50
353;Zahlenschloss;ALU;353-50
354;Zahlenschloss;ALU;354-50
355;Zahlenschloss;ALU;355-50
356;Zahlenschloss;ALU;356-50
357;Zahlenschloss;ALU;357-50
358;Zahlenschloss;ALU;358-50
359;Zahlenschloss;ALU;359-50
360;Zahlenschloss;ALU;360-50
361;Zahlenschloss;ALU;361-50
362;Zahlenschloss;ALU;362-50
363;Zahlenschloss;ALU;363-50
364;Zahlenschloss;ALU;364-50
365;Zahlenschloss;ALU;365-50
366;Zahlenschloss;ALU;366-50
367;Zahlenschloss;ALU;367-50
368;Zahlenschloss;ALU;368-50
369;Zahlenschloss;ALU;369-50
370;Zahlenschloss;ALU;370-50
371;Zahlenschloss;ALU;371-50
372;Zahlenschloss;ALU;372-50
373;Zahlenschloss;ALU;373-50
374;Zahlenschloss;ALU;374-50
375;Zahlenschloss;ALU;375-50
376;Zahlenschloss;ALU;376-50
377;Zahlenschloss;ALU;377-50
378;Zahlenschloss;ALU;378-50
379;Zahlenschloss;ALU;379-50
380;Zahlenschloss;ALU;380-50
381;Zahlenschloss;ALU;381-50
382;Zahlenschloss;ALU;382-50
383;Zahlenschloss;ALU;383-50
384;Zahlenschloss;ALU;384-50
385;Zahlenschloss;ALU;385-50
386;Zahlenschloss;ALU;386-50
387;Zahlenschloss;ALU;387-50
388;Zahlenschloss;ALU;388-50
389;Zahlenschloss;ALU;389-50
390;Zahlenschloss;ALU;390-50
391;Zahlenschloss;ALU;391-50
392;Zahlenschloss;ALU;392-50
393;Zahlenschloss;ALU;393-50
394;Zahlenschloss;ALU;394-50
395;Zahlenschloss;ALU;395-50
396;Zahlenschloss;ALU;396-50
397;Zahlenschloss;ALU;397-50
398;Zahlenschloss;ALU;398-50
399;Zahlenschloss;ALU;399-50
400;Zahlenschloss;ALU;400-50
401;Zahlenschloss;ALU;401-50
402;Zahlenschloss;ALU;402-50
403;Zahlenschloss;ALU;403-50
404;Zahlenschloss;ALU;404-50
405;Zahlenschloss;ALU;405-50
406;Zahlenschloss;ALU;406-50
407;Zahlenschloss;ALU;407-50
408;Zahlenschloss;ALU;408-50
409;Zahlenschloss;ALU;409-50
410;Zahlenschloss;ALU;410-50
411;Zahlenschloss;ALU;411-50
412;Zahlenschloss;ALU;412-50
413;Zahlenschloss;ALU;413-50
414;Zahlenschloss;ALU;414-50
415;Zahlenschloss;ALU;415-50
416;Zahlenschloss;ALU;416-50
417;Zahlenschloss;ALU;417-50
418;Zahlenschloss;ALU;418-50
419;Zahlenschloss;ALU;419-50
420;Zahlenschloss;ALU;420-50
421;Zahlenschloss;ALU;421-50
422;Zahlenschloss;ALU;422-50
423;Zahlenschloss;ALU;423-50
424;Zahlenschloss;ALU;424-50
425;Zahlenschloss;ALU;425-50
426;Zahlenschloss;ALU;426-50
427;Zahlenschloss;ALU;427-50
428;Zahlenschloss;ALU;428-50
429;Zahlenschloss;ALU;429-50
430;Zahlenschloss;ALU;430-50
431;Zahlenschloss;ALU;431-50
432;Zahlenschloss;ALU;432-50
433;Zahlenschloss;ALU;433-50
434;Zahlenschloss;ALU;434-50
435;Zahlenschloss;ALU;435-50
436;Zahlenschloss;ALU;436-50
437;Zahlenschloss;ALU;437-50
438;Zahlenschloss;ALU;438-50
439;Zahlenschloss;ALU;439-50
440;Zahlenschloss;ALU;440-50
441;Zahlenschloss;ALU;441-50
442;Zahlenschloss;ALU;442-50
443;Zahlenschloss;ALU;443-50
444;Zahlenschloss;ALU;444-50
445;Zahlenschloss;ALU;445-50
446;Zahlenschloss;ALU;446-50
447;Zahlenschloss;ALU;447-50
448;Zahlenschloss;ALU;448-50
449;Zahlenschloss;ALU;449-50
450;Zahlenschloss;ALU;450-50
451;Zahlenschloss;ALU;451-50
452;Zahlenschloss;ALU;452-50
453;Zahlenschloss;ALU;453-50
454;Zahlenschloss;ALU;454-50
455;Zahlenschloss;ALU;455-50
456;Zahlenschloss;ALU;456-50
457;Zahlenschloss;ALU;457-50
458;Zahlenschloss;ALU;458-50
459;Zahlenschloss;ALU;459-50
460;Zahlenschloss;ALU;460-50
461;Zahlenschloss;ALU;461-50
462;Zahlenschloss;ALU;462-50
463;Zahlenschloss;ALU;463-50
464;Zahlenschloss;ALU;464-50
465;Zahlenschloss;ALU;465-50
466;Zahlenschloss;ALU;466-50
467;Zahlenschloss;ALU;467-50
468;Zahlenschloss;ALU;468-50
469;Zahlenschloss;ALU;469-50
470;Zahlenschloss;ALU;470-50
471;Zahlenschloss;ALU;471-50
472;Zahlenschloss;ALU;472-50
473;Zahlenschloss;ALU;473-50
474;Zahlenschloss;ALU;474-50
475;Zahlenschloss;ALU;475-50
476;Zahlenschloss;ALU;476-50
477;Zahlenschloss;ALU;477-50
478;Zahlenschloss;ALU;478-50
479;Zahlenschloss;ALU;479-50
480;Zahlenschloss;ALU;480-50
481;Zahlenschloss;ALU;481-50
482;Zahlenschloss;ALU;482-50
483;Zahlenschloss;ALU;483-50
484;Zahlenschloss;ALU;484-50
485;Zahlenschloss;ALU;485-50
486;Zahlenschloss;ALU;486-50
487;Zahlenschloss;ALU;487-50
488;Zahlenschloss;ALU;488-50
489;Zahlenschloss;ALU;489-50
490;Zahlenschloss;ALU;490-50
491;Zahlenschloss;ALU;491-50
492;Zahlenschloss;ALU;492-50
493;Zahlenschloss;ALU;493-50
494;Zahlenschloss;ALU;494-50
495;Zahlenschloss;ALU;495-50
496;Zahlenschloss;ALU;496-50
497;Zahlenschloss;ALU;497-50
498;Zahlenschloss;ALU;498-50
499;Zahlenschloss;ALU;499-50
500;Zahlenschloss;ALU;500-50
501;Zahlenschloss;ALU;501-50
502;Zahlenschloss;ALU;502-50
503;Zahlenschloss;ALU;503-50
504;Zahlenschloss;ALU;504-50
505;Zahlenschloss;ALU;505-50
506;Zahlenschloss;ALU;506-50
507;Zahlenschloss;ALU;507-50
508;Zahlenschloss;ALU;508-50
509;Zahlenschloss;ALU;509-50
510;Zahlenschloss;ALU;510-50
511;Zahlenschloss;ALU;511-50
512;Zahlenschloss;ALU;512-50
513;Zahlenschloss;ALU;513-50
514;Zahlenschloss;ALU;514-50
515;Zahlenschloss;ALU;515-50
516;Zahlenschloss;ALU;516-50
517;Zahlenschloss;ALU;517-50
518;Zahlenschloss;ALU;518-50
519;Zahlenschloss;ALU;519-50
520;Zahlenschloss;ALU;520-50
521;Zahlenschloss;ALU;521-50
522;Zahlenschloss;ALU;522-50
523;Zahlenschloss;ALU;523-50
524;Zahlenschloss;ALU;524-50
525;Zahlenschloss;ALU;525-50
526;Zahlenschloss;ALU;526-50
527;Zahlenschloss;ALU;527-50
528;Zahlenschloss;ALU;528-50
529;Zahlenschloss;ALU;529-50
530;Zahlenschloss;ALU;530-50
531;Zahlenschloss;ALU;531-50
532;Zahlenschloss;ALU;532-50
533;Zahlenschloss;ALU;533-50
534;Zahlenschloss;ALU;534-50
535;Zahlenschloss;ALU;535-50
536;Zahlenschloss;ALU;536-50
537;Zahlenschloss;ALU;537-50
538;Zahlenschloss;ALU;538-50
539;Zahlenschloss;ALU;539-50
540;Zahlenschloss;ALU;540-50
541;Zahlenschloss;ALU;541-50
542;Zahlenschloss;ALU;542-50
543;Zahlenschloss;ALU;543-50
544;Zahlenschloss;ALU;544-50
545;Zahlenschloss;ALU;545-50
546;Zahlenschloss;ALU;546-50
547;Zahlenschloss;ALU;547-50
548;Zahlenschloss;ALU;548-50
549;Zahlenschloss;ALU;549-50
550;Zahlenschloss;ALU;550-50
551;Zahlenschloss;ALU;551-50
552;Zahlenschloss;ALU;552-50
553;Zahlenschloss;ALU;553-50
554;Zahlenschloss;ALU;554-50
555;Zahlenschloss;ALU;555-50
556;Zahlenschloss;ALU;556-50
557;Zahlenschloss;ALU;557-50
558;Zahlenschloss;ALU;558-50
559;Zahlenschloss;ALU;559-50
560;Zahlenschloss;ALU;560-50
561;Zahlenschloss;ALU;561-50
562;Zahlenschloss;ALU;562-50
563;Zahlenschloss;ALU;563-50
564;Zahlenschloss;ALU;564-50
565;Zahlenschloss;ALU;565-50
566;Zahlenschloss;ALU;566-50
567;Zahlenschloss;ALU;567-50
568;Zahlenschloss;ALU;568-50
569;Zahlenschloss;ALU;569-50
570;Zahlenschloss;ALU;570-50
571;Zahlenschloss;ALU;571-50
572;Zahlenschloss;ALU;572-50
573;Zahlenschloss;ALU;573-50
574;Zahlenschloss;ALU;574-50
575;Zahlenschloss;ALU;575-50
576;Zahlenschloss;ALU;576-50
577;Zahlenschloss;ALU;577-50
578;Zahlenschloss;ALU;578-50
579;Zahlenschloss;ALU;579-50
580;Zahlenschloss;ALU;580-50
581;Zahlenschloss;ALU;581-50
582;Zahlenschloss;ALU;582-50
583;Zahlenschloss;ALU;583-50
584;Zahlenschloss;ALU;584-50
585;Zahlenschloss;ALU;585-50
586;Zahlenschloss;ALU;586-50
587;Zahlenschloss;ALU;587-50
588;Zahlenschloss;ALU;588-50
589;Zahlenschloss;ALU;589-50
590;Zahlenschloss;ALU;590-50
591;Zahlenschloss;ALU;591-50
592;Zahlenschloss;ALU;592-50
593;Zahlenschloss;ALU;593-50
594;Zahlenschloss;ALU;594-50
595;Zahlenschloss;ALU;595-50
596;Zahlenschloss;ALU;596-50
597;Zahlenschloss;ALU;597-50
598;Zahlenschloss;ALU;598-50
599;Zahlenschloss;ALU;599-50
600;Zahlenschloss;ALU;600-50
601;Zahlenschloss;ALU;601-50
602;Zahlenschloss;ALU;602-50
603;Zahlenschloss;ALU;603-50
604;Zahlenschloss;ALU;604-50
605;Zahlenschloss;ALU;605-50
606;Zahlenschloss;ALU;606-50
607;Zahlenschloss;ALU;607-50
608;Zahlenschloss;ALU;608-50
609;Zahlenschloss;ALU;609-50
610;Zahlenschloss;ALU;610-50
611;Zahlenschloss;ALU;611-50
612;Zahlenschloss;ALU;612-50
613;Zahlenschloss;ALU;613-50
614;Zahlenschloss;ALU;614-50
615;Zahlenschloss;ALU;615-50
616;Zahlenschloss;ALU;616-50
617;Zahlenschloss;ALU;617-50
618;Zahlenschloss;ALU;618-50
619;Zahlenschloss;ALU;619-50
620;Zahlenschloss;ALU;620-50
621;Zahlenschloss;ALU;621-50
622;Zahlenschloss;ALU;622-50
623;Zahlenschloss;ALU;623-50
624;Zahlenschloss;ALU;624-50
625;Zahlenschloss;ALU;625-50
5001;Deckelschloss;ALU;5001-50
5002;Deckelschloss;ALU;5002-50
5003;Deckelschloss;ALU;5003-50
5004;Deckelschloss;ALU;5004-50
5005;Deckelschloss;ALU;5005-50
5006;Deckelschloss;ALU;5006-50
5007;Deckelschloss;ALU;5007-50
5008;Deckelschloss;ALU;5008-50
5009;Deckelschloss;ALU;5009-50
5010;Deckelschloss;ALU;5010-50
5011;Deckelschloss;ALU;5011-50
5012;Deckelschloss;ALU;5012-50
5013;Deckelschloss;ALU;5013-50
5014;Deckelschloss;ALU;5014-50
5015;Deckelschloss;ALU;5015-50
5016;Deckelschloss;ALU;5016-50
5017;Deckelschloss;ALU;5017-50
5018;Deckelschloss;ALU;5018-50
5019;Deckelschloss;ALU;5019-50
5020;Deckelschloss;ALU;5020-50
5021;Deckelschloss;ALU;5021-50
5022;Deckelschloss;ALU;5022-50
5023;Deckelschloss;ALU;5023-50
5024;Deckelschloss;ALU;5024-50
5025;Deckelschloss;ALU;5025-50
5026;Deckelschloss;ALU;5026-50
5027;Deckelschloss;ALU;5027-50
5028;Deckelschloss;ALU;5028-50
5029;Deckelschloss;ALU;5029-50
5030;Deckelschloss;ALU;5030-50
5031;Deckelschloss;ALU;5031-50
5032;Deckelschloss;ALU;5032-50
5033;Deckelschloss;ALU;5033-50
5034;Deckelschloss;ALU;5034-50
5035;Deckelschloss;ALU;5035-50
5036;Deckelschloss;ALU;5036-50
5037;Deckelschloss;ALU;5037-50
5038;Deckelschloss;ALU;5038-50
5039;Deckelschloss;ALU;5039-50
5040;Deckelschloss;ALU;5040-50
5041;Deckelschloss;ALU;5041-50
5042;Deckelschloss;ALU;5042-50
5043;Deckelschloss;ALU;5043-50
5044;Deckelschloss;ALU;5044-50
5045;Deckelschloss;ALU;5045-50
5046;Deckelschloss;ALU;5046-50
5047;Deckelschloss;ALU;5047-50
5048;Deckelschloss;ALU;5048-50
5049;Deckelschloss;ALU;5049-50
5050;Deckelschloss;ALU;5050-50
